#,Company,Symbol,Weight,Price,Chg,% Chg
1,Nvidia,NVDA,7.08,162.76,2.76,1.73
2,Microsoft,MSFT,6.66,502.53,5.91,1.19
3,Apple Inc.,AAPL,5.58,209.68,-0.33,-0.16
4,Amazon,AMZN,4.21,222.51,3.15,1.44
5,Meta Platforms,META,3.29,734.89,14.22,1.97
6,Broadcom,AVGO,2.33,277.29,5.49,2.02
7,Alphabet Inc. Class C,GOOG,1.92,177.19,2.03,1.16
8,Alphabet Inc. Class A,GOOGL,1.91,176.18,1.82,1.04
9,Berkshire Hathaway,BRK.B,1.84,477.51,0.03,0.01
10,"Tesla, Inc.",TSLA,1.70,296.45,-1.37,-0.46
11,JPMorgan Chase,JPM,1.40,282.82,0.04,0.01
12,Walmart,WMT,1.38,96.81,-0.28,-0.29
13,Lilly Eli,LLY,1.26,785.21,7.55,0.97
14,Visa Inc.,V,1.24,356.00,1.45,0.41
15,Oracle Corporation,ORCL,1.18,235.03,0.53,0.23
16,Netflix,NFLX,0.97,"1,279.27",3.96,0.31
17,Mastercard,MA,0.91,562.34,-0.11,-0.02
18,ExxonMobil,XOM,0.87,113.65,-0.54,-0.47
19,Costco,COST,0.77,975.30,-10.54,-1.07
20,Johnson & Johnson,JNJ,0.67,155.64,-0.15,-0.10
21,Procter & Gamble,PG,0.66,157.05,-0.84,-0.53
22,Home Depot The,HD,0.65,369.21,1.70,0.46
23,Bank of America,BAC,0.63,46.84,-0.31,-0.66
24,Palantir Technologies,PLTR,0.60,142.40,2.69,1.93
25,AbbVie,ABBV,0.60,189.91,0.14,0.07
26,Coca-Cola Company The,KO,0.53,69.26,-0.98,-1.39
27,Philip Morris International,PM,0.49,177.31,-0.41,-0.23
28,UnitedHealth Group,UNH,0.49,302.57,-5.13,-1.67
29,Cisco,CSCO,0.49,69.22,0.63,0.91
30,IBM,IBM,0.48,289.79,-0.63,-0.22
31,GE Aerospace,GE,0.47,249.78,2.73,1.11
32,Wells Fargo,WFC,0.47,81.71,0.12,0.15
33,Chevron Corporation,CVX,0.47,153.12,-0.12,-0.08
34,T-Mobile US,TMUS,0.47,231.90,-4.07,-1.72
35,Salesforce,CRM,0.46,270.96,-2.69,-0.98
36,Abbott Laboratories,ABT,0.41,133.05,-0.31,-0.23
37,Morgan Stanley,MS,0.40,141.01,-0.12,-0.09
38,Advanced Micro Devices,AMD,0.40,139.04,1.22,0.89
39,American Express,AXP,0.40,317.81,0.83,0.26
40,Linde plc,LIN,0.39,470.04,0.09,0.02
41,Walt Disney Company The,DIS,0.39,120.75,-1.07,-0.88
42,Intuit,INTU,0.38,771.36,-10.12,-1.29
43,Goldman Sachs,GS,0.38,696.73,-0.55,-0.08
44,Merck & Co.,MRK,0.38,83.85,2.48,3.05
45,McDonald's,MCD,0.37,293.41,1.73,0.59
46,ServiceNow,NOW,0.37,"1,012.39",-10.60,-1.04
47,AT&T,T,0.36,28.16,-0.13,-0.48
48,Uber,UBER,0.36,96.33,-1.15,-1.18
49,Texas Instruments,TXN,0.35,216.29,-0.34,-0.16
50,RTX Corporation,RTX,0.35,146.05,1.14,0.79
51,Caterpillar Inc.,CAT,0.34,403.27,8.98,2.28
52,Intuitive Surgical,ISRG,0.34,529.00,1.70,0.32
53,Accenture,ACN,0.33,296.76,-6.57,-2.16
54,Booking Holdings,BKNG,0.33,"5,664.04",-49.30,-0.86
55,PepsiCo,PEP,0.33,133.99,-1.05,-0.78
56,Verizon,VZ,0.32,42.71,-0.36,-0.82
57,Qualcomm,QCOM,0.31,159.09,-0.36,-0.23
58,Boeing,BA,0.30,226.52,8.00,3.66
59,BlackRock,BLK,0.30,"1,082.71",7.69,0.72
60,Charles Schwab Corporation,SCHW,0.30,92.23,0.28,0.30
61,S&P Global,SPGI,0.29,529.25,2.86,0.54
62,Citigroup,C,0.29,85.61,0.04,0.05
63,Amgen,AMGN,0.28,295.51,-1.49,-0.50
64,Adobe Inc.,ADBE,0.28,372.55,-9.69,-2.54
65,Thermo Fisher Scientific,TMO,0.28,416.81,-9.37,-2.20
66,Applied Materials,AMAT,0.28,195.94,0.95,0.49
67,Honeywell,HON,0.27,238.14,-1.66,-0.69
68,Boston Scientific,BSX,0.27,102.82,0.41,0.40
69,NextEra Energy,NEE,0.27,73.66,1.20,1.66
70,Stryker Corporation,SYK,0.27,390.81,1.31,0.34
71,GE Vernova,GEV,0.26,539.67,9.67,1.82
72,Progressive Corporation,PGR,0.26,250.38,-1.26,-0.50
73,Pfizer,PFE,0.26,25.43,-0.20,-0.76
74,Danaher Corporation,DHR,0.26,199.84,-0.84,-0.42
75,Union Pacific Corporation,UNP,0.25,237.39,0.84,0.36
76,Eaton Corporation,ETN,0.25,359.48,2.50,0.70
77,TJX Companies,TJX,0.25,125.66,0.40,0.32
78,Gilead Sciences,GILD,0.25,112.33,1.27,1.14
79,Capital One,COF,0.25,218.13,0.63,0.29
80,Deere & Company,DE,0.25,508.31,-0.60,-0.12
81,Palo Alto Networks,PANW,0.24,205.68,1.69,0.83
82,Micron Technology,MU,0.24,122.09,-2.33,-1.88
83,Arista Networks,ANET,0.24,107.21,3.82,3.69
84,Comcast,CMCSA,0.24,35.44,-0.56,-1.57
85,Lam Research,LRCX,0.23,100.17,0.34,0.34
86,CrowdStrike,CRWD,0.23,509.68,1.97,0.39
87,Lowe's,LOW,0.22,224.51,0.84,0.37
88,Automatic Data Processing,ADP,0.22,307.47,0.57,0.19
89,KKR,KKR,0.22,138.72,0.78,0.56
90,KLA Corporation,KLAC,0.22,926.30,7.08,0.77
91,Vertex Pharmaceuticals,VRTX,0.22,475.41,9.04,1.94
92,Blackstone Inc.,BX,0.22,157.85,1.50,0.96
93,Analog Devices,ADI,0.21,242.49,-2.66,-1.08
94,ConocoPhillips,COP,0.21,94.90,-0.89,-0.93
95,Amphenol,APH,0.21,98.64,1.23,1.26
96,Medtronic,MDT,0.20,88.86,0.28,0.31
97,Chubb Limited,CB,0.20,279.03,-0.92,-0.33
98,"Nike, Inc.",NKE,0.19,73.64,-0.28,-0.39
99,Lockheed Martin,LMT,0.19,461.68,-1.33,-0.29
100,Starbucks,SBUX,0.19,94.97,0.03,0.04
101,Marsh McLennan,MMC,0.19,213.81,0.64,0.30
102,DoorDash,DASH,0.19,245.48,4.01,1.66
103,Intercontinental Exchange,ICE,0.19,181.22,0.24,0.13
104,American Tower,AMT,0.18,221.41,0.71,0.32
105,Intel,INTC,0.18,23.36,-0.23,-1.00
106,Southern Company,SO,0.18,91.79,0.53,0.58
107,Welltower,WELL,0.18,152.64,0.88,0.58
108,Constellation Energy,CEG,0.18,317.65,4.81,1.54
109,CME Group,CME,0.18,274.55,-1.08,-0.39
110,Prologis,PLD,0.18,106.41,-0.44,-0.42
111,Bristol Myers Squibb,BMY,0.17,47.47,0.43,0.90
112,Trane Technologies,TT,0.17,432.62,5.73,1.34
113,Altria,MO,0.17,57.26,-2.28,-3.83
114,Fiserv,FI,0.17,171.13,0.71,0.42
115,Coinbase Global,COIN,0.17,365.79,10.97,3.09
116,Duke Energy,DUK,0.16,117.15,0.84,0.72
117,Waste Management,WM,0.16,226.19,1.31,0.58
118,HCA Healthcare,HCA,0.16,376.76,-0.84,-0.22
119,Parker Hannifin,PH,0.16,707.53,0.61,0.09
120,McKesson Corporation,MCK,0.16,723.66,-0.46,-0.06
121,Moody's Corporation,MCO,0.16,500.92,1.90,0.38
122,Royal Caribbean Group,RCL,0.16,331.70,1.50,0.45
123,Cadence Design Systems,CDNS,0.16,322.14,-1.14,-0.35
124,Sherwin-Williams,SHW,0.16,348.29,2.29,0.66
125,Cintas,CTAS,0.16,216.07,0.78,0.36
126,United Parcel Service,UPS,0.15,102.65,0.27,0.27
127,Mondelez International,MDLZ,0.15,66.80,-1.39,-2.04
128,Dell Technologies,DELL,0.15,126.45,2.05,1.65
129,TransDigm Group,TDG,0.15,"1,523.52",-6.58,-0.43
130,Synopsys,SNPS,0.15,550.38,-1.13,-0.21
131,Airbnb,ABNB,0.15,137.18,0.19,0.14
132,CVS Health,CVS,0.15,66.49,-0.45,-0.68
133,3M,MMM,0.15,155.79,2.05,1.33
134,Apollo Global Management,APO,0.15,146.30,1.29,0.89
135,Cigna,CI,0.15,309.42,-2.58,-0.83
136,Fortinet,FTNT,0.15,107.25,-0.29,-0.27
137,Arthur J. Gallagher & Co.,AJG,0.14,315.22,1.46,0.46
138,General Dynamics,GD,0.14,298.47,1.82,0.61
139,O'Reilly Auto Parts,ORLY,0.14,91.97,0.33,0.35
140,Emerson Electric,EMR,0.14,139.38,0.65,0.47
141,Elevance Health,ELV,0.14,344.92,-4.54,-1.30
142,PNC Financial Services,PNC,0.14,196.46,-1.54,-0.78
143,Aon,AON,0.14,356.63,2.06,0.58
144,Marriott International,MAR,0.14,279.02,-0.94,-0.33
145,Illinois Tool Works,ITW,0.14,259.19,1.29,0.50
146,Ecolab,ECL,0.14,267.60,-1.30,-0.48
147,Republic Services,RSG,0.13,240.86,1.55,0.65
148,Chipotle Mexican Grill,CMG,0.13,55.84,0.38,0.69
149,Equinix,EQIX,0.13,768.17,0.78,0.10
150,Colgate-Palmolive,CL,0.13,91.48,-0.66,-0.72
151,U.S. Bancorp,USB,0.13,47.17,-0.49,-1.02
152,Howmet Aerospace,HWM,0.13,181.64,2.18,1.21
153,Northrop Grumman,NOC,0.13,506.00,1.15,0.23
154,PayPal,PYPL,0.13,74.63,-0.40,-0.54
155,Williams Companies,WMB,0.13,57.85,0.16,0.27
156,Johnson Controls,JCI,0.12,106.49,0.99,0.93
157,Zoetis,ZTS,0.12,157.16,-0.64,-0.40
158,Motorola Solutions,MSI,0.12,418.37,1.01,0.24
159,Autodesk,ADSK,0.12,312.35,-2.56,-0.81
160,Vistra Corp.,VST,0.12,196.63,6.44,3.39
161,EOG Resources,EOG,0.12,122.01,-1.94,-1.57
162,BNY Mellon,BK,0.12,92.98,0.29,0.31
163,Newmont,NEM,0.12,58.72,1.11,1.92
164,Air Products,APD,0.12,293.23,0.88,0.30
165,Freeport-McMoRan,FCX,0.12,45.39,-0.88,-1.91
166,Carrier Global,CARR,0.12,75.74,0.84,1.12
167,Hilton Worldwide,HLT,0.11,271.20,-1.76,-0.65
168,"Workday, Inc.",WDAY,0.11,240.18,-0.29,-0.12
169,Axon Enterprise,AXON,0.11,806.50,16.28,2.06
170,CSX Corporation,CSX,0.11,33.31,-0.09,-0.25
171,AutoZone,AZO,0.11,"3,722.73",-19.35,-0.52
172,Kinder Morgan,KMI,0.11,27.78,-0.36,-1.26
173,Roper Technologies,ROP,0.11,557.77,-6.82,-1.21
174,Regeneron Pharmaceuticals,REGN,0.11,547.08,-0.67,-0.12
175,Truist Financial,TFC,0.11,45.04,-0.37,-0.80
176,Norfolk Southern Railway,NSC,0.10,261.03,-0.17,-0.06
177,NXP Semiconductors,NXPI,0.10,229.85,-2.49,-1.07
178,Monster Beverage,MNST,0.10,59.36,-2.23,-3.61
179,Cencora,COR,0.10,298.62,0.59,0.20
180,Digital Realty,DLR,0.10,171.69,0.89,0.52
181,Travelers Companies The,TRV,0.10,255.10,-1.29,-0.50
182,FedEx,FDX,0.10,237.68,-1.03,-0.43
183,Quanta Services,PWR,0.10,381.16,3.60,0.95
184,American Electric Power,AEP,0.10,104.63,0.67,0.64
185,Marathon Petroleum,MPC,0.10,179.04,-0.89,-0.49
186,Aflac,AFL,0.10,101.71,-1.53,-1.48
187,Charter Communications,CHTR,0.10,400.60,-11.06,-2.69
188,Simon Property Group,SPG,0.10,163.50,0.05,0.03
189,Phillips 66,PSX,0.09,130.40,0.40,0.31
190,MetLife,MET,0.09,78.27,-1.39,-1.75
191,Paychex,PAYX,0.09,145.50,0.59,0.41
192,United Rentals,URI,0.09,801.66,10.17,1.29
193,Paccar,PCAR,0.09,98.69,-0.01,-0.01
194,Corteva,CTVA,0.09,75.92,-0.53,-0.70
195,Realty Income,O,0.09,57.15,-0.34,-0.60
196,"Nasdaq, Inc.",NDAQ,0.09,89.41,0.82,0.92
197,TE Connectivity,TEL,0.09,173.03,0.59,0.35
198,Allstate,ALL,0.09,193.52,0.12,0.06
199,Ameriprise Financial,AMP,0.09,537.23,1.15,0.22
200,Public Storage,PSA,0.09,288.89,-1.93,-0.67
201,ONEOK,OKE,0.09,81.01,-0.59,-0.72
202,General Motors,GM,0.09,52.52,0.33,0.62
203,Becton Dickinson,BDX,0.09,175.11,0.47,0.27
204,W. W. Grainger,GWW,0.09,"1,043.58",6.96,0.67
205,Fastenal,FAST,0.09,43.43,0.59,1.37
206,Schlumberger,SLB,0.09,36.16,-0.38,-1.05
207,Dominion Energy,D,0.09,57.04,0.72,1.27
208,Sempra,SRE,0.09,74.41,0.09,0.12
209,L3Harris,LHX,0.09,258.91,1.81,0.71
210,American International Group,AIG,0.09,83.08,-0.12,-0.14
211,Ford Motor Company,F,0.08,11.82,0.13,1.16
212,Hess Corporation,HES,0.08,150.53,0.30,0.20
213,Valero Energy,VLO,0.08,148.59,-0.08,-0.05
214,Target Corporation,TGT,0.08,102.27,0.25,0.25
215,Kroger,KR,0.08,70.02,0.28,0.40
216,Copart,CPRT,0.08,47.61,-0.91,-1.87
217,Cummins,CMI,0.08,333.97,3.21,0.97
218,Keurig Dr Pepper,KDP,0.08,33.52,-0.52,-1.51
219,Edwards Lifesciences,EW,0.08,77.00,0.61,0.80
220,Corning Inc.,GLW,0.08,52.70,-0.03,-0.07
221,MSCI,MSCI,0.08,582.10,1.13,0.19
222,Crown Castle,CCI,0.08,103.01,0.42,0.41
223,Occidental Petroleum,OXY,0.08,45.46,-0.29,-0.63
224,Take-Two Interactive,TTWO,0.08,242.43,1.87,0.78
225,Exelon,EXC,0.08,43.11,0.11,0.25
226,Kimberly-Clark,KMB,0.08,131.06,-0.34,-0.26
227,Idexx Laboratories,IDXX,0.08,538.43,-0.41,-0.08
228,Ross Stores,ROST,0.08,131.18,-0.38,-0.29
229,Verisk Analytics,VRSK,0.08,303.60,1.06,0.35
230,Yum! Brands,YUM,0.07,150.96,0.43,0.29
231,D. R. Horton,DHI,0.07,136.59,5.22,3.98
232,Ametek,AME,0.07,181.42,0.09,0.05
233,Fidelity National Information Services,FIS,0.07,79.61,-0.24,-0.31
234,CBRE Group,CBRE,0.07,140.09,0.20,0.14
235,Garmin,GRMN,0.07,216.42,3.00,1.41
236,Diamondback Energy,FANG,0.07,142.04,-1.72,-1.20
237,Public Service Enterprise Group,PEG,0.07,81.67,0.07,0.08
238,Microchip Technology,MCHP,0.07,74.79,0.23,0.30
239,Kenvue,KVUE,0.07,20.72,0.02,0.07
240,Fair Isaac,FICO,0.07,"1,619.77",-83.40,-4.90
241,Cognizant,CTSH,0.07,79.94,-0.77,-0.95
242,Xcel Energy,XEL,0.07,67.83,0.27,0.40
243,Carnival,CCL,0.07,28.81,-0.04,-0.12
244,Cardinal Health,CAH,0.07,163.61,-0.84,-0.51
245,Otis Worldwide,OTIS,0.07,98.88,-0.80,-0.80
246,Baker Hughes,BKR,0.07,39.36,-0.75,-1.86
247,Electronic Arts,EA,0.07,152.49,-0.15,-0.10
248,Rockwell Automation,ROK,0.07,339.78,1.63,0.48
249,Prudential Financial,PRU,0.07,106.31,-1.27,-1.18
250,ResMed,RMD,0.07,254.38,-2.21,-0.86
251,Targa Resources,TRGP,0.07,171.82,-2.59,-1.48
252,Sysco,SYY,0.07,76.29,-0.24,-0.32
253,Entergy,ETR,0.06,81.56,0.63,0.78
254,Wabtec,WAB,0.06,212.57,0.79,0.37
255,Consolidated Edison,ED,0.06,100.17,0.86,0.86
256,Monolithic Power Systems,MPWR,0.06,749.46,-11.85,-1.56
257,Brown & Brown,BRO,0.06,107.71,0.46,0.43
258,CoStar Group,CSGP,0.06,84.19,1.36,1.64
259,Vulcan Materials Company,VMC,0.06,268.81,2.36,0.88
260,Ingersoll Rand,IR,0.06,87.77,0.76,0.88
261,Old Dominion,ODFL,0.06,167.45,0.07,0.04
262,eBay,EBAY,0.06,76.06,0.73,0.97
263,Las Vegas Sands,LVS,0.06,49.49,0.38,0.77
264,Vici Properties,VICI,0.06,33.03,0.02,0.05
265,GE HealthCare,GEHC,0.06,75.57,0.36,0.49
266,Hartford The,HIG,0.06,121.71,-0.75,-0.61
267,Agilent Technologies,A,0.06,120.85,-0.16,-0.13
268,Martin Marietta Materials,MLM,0.06,563.58,4.49,0.80
269,WEC Energy Group,WEC,0.06,104.09,0.43,0.41
270,Dexcom,DXCM,0.06,84.69,0.93,1.11
271,Live Nation Entertainment,LYV,0.06,143.23,-1.20,-0.83
272,Arch Capital Group,ACGL,0.06,88.29,-1.92,-2.13
273,Equifax,EFX,0.06,265.49,1.33,0.50
274,Hershey Company The,HSY,0.06,162.27,-7.66,-4.51
275,Delta Air Lines,DAL,0.06,50.33,-0.20,-0.39
276,EQT Corporation,EQT,0.06,54.87,0.01,0.02
277,Ansys,ANSS,0.06,367.74,0.84,0.23
278,Nucor,NUE,0.06,139.24,-0.49,-0.35
279,Xylem Inc.,XYL,0.06,131.68,0.27,0.20
280,M&T Bank,MTB,0.06,199.15,-1.65,-0.82
281,Raymond James Financial,RJF,0.06,158.36,0.78,0.49
282,Extra Space Storage,EXR,0.06,148.91,-0.92,-0.61
283,DuPont,DD,0.06,75.29,0.82,1.10
284,Kraft Heinz,KHC,0.06,26.35,-0.09,-0.32
285,Estée Lauder Companies The,EL,0.06,86.67,1.11,1.30
286,State Street Corporation,STT,0.06,109.04,-0.16,-0.14
287,Willis Towers Watson,WTW,0.05,307.54,2.45,0.80
288,Gartner,IT,0.05,393.89,-5.26,-1.32
289,Seagate Technology,STX,0.05,142.77,-1.70,-1.18
290,Tractor Supply,TSCO,0.05,56.77,0.00,0.00
291,Constellation Brands,STZ,0.05,169.04,-1.52,-0.89
292,PG&E Corporation,PCG,0.05,13.51,-0.16,-1.21
293,Lennar,LEN,0.05,114.47,4.05,3.67
294,NRG Energy,NRG,0.05,150.95,-0.32,-0.21
295,Supermicro,SMCI,0.05,49.40,0.29,0.59
296,Iron Mountain,IRM,0.05,99.71,0.11,0.12
297,Fifth Third Bancorp,FITB,0.05,43.36,-0.09,-0.20
298,AvalonBay Communities,AVB,0.05,201.97,0.50,0.25
299,Humana,HUM,0.05,235.59,-1.90,-0.80
300,Warner Bros. Discovery,WBD,0.05,11.49,0.07,0.66
301,Ventas,VTR,0.05,62.84,0.08,0.13
302,Keysight Technologies,KEYS,0.05,163.19,-0.32,-0.20
303,Lululemon Athletica,LULU,0.05,234.23,-4.31,-1.81
304,IQVIA,IQV,0.05,161.65,-2.82,-1.72
305,Broadridge Financial Solutions,BR,0.05,237.95,0.41,0.17
306,General Mills,GIS,0.05,51.18,-0.66,-1.27
307,American Water Works,AWK,0.05,141.47,0.44,0.32
308,Kellanova,K,0.05,79.20,-0.16,-0.20
309,Verisign,VRSN,0.05,291.04,4.19,1.46
310,Hewlett Packard Enterprise,HPE,0.05,20.78,-0.05,-0.22
311,DTE Energy,DTE,0.05,131.05,0.79,0.61
312,International Paper,IP,0.05,51.15,0.55,1.09
313,"Rollins, Inc.",ROL,0.05,55.69,0.20,0.36
314,PPG Industries,PPG,0.05,118.09,0.68,0.58
315,Synchrony Financial,SYF,0.05,69.89,0.59,0.86
316,W. R. Berkley Corporation,WRB,0.05,69.98,-0.40,-0.56
317,United Airlines Holdings,UAL,0.05,80.17,-1.04,-1.28
318,Archer Daniels Midland,ADM,0.05,53.77,-0.78,-1.43
319,Dover Corporation,DOV,0.05,188.16,-0.27,-0.14
320,Ameren,AEE,0.05,95.03,0.03,0.03
321,Equity Residential,EQR,0.05,66.78,0.16,0.24
322,Darden Restaurants,DRI,0.05,216.27,-1.36,-0.62
323,Veralto,VLTO,0.05,102.05,-0.28,-0.27
324,Huntington Bancshares,HBAN,0.05,17.36,-0.13,-0.72
325,Expand Energy,EXE,0.04,105.81,-0.57,-0.54
326,Mettler Toledo,MTD,0.04,"1,211.12",4.59,0.38
327,SBA Communications,SBAC,0.04,234.04,-0.21,-0.09
328,GoDaddy,GDDY,0.04,175.64,-1.41,-0.79
329,Tyler Technologies,TYL,0.04,579.84,-5.21,-0.89
330,PPL Corporation,PPL,0.04,33.74,0.16,0.46
331,Northern Trust,NTRS,0.04,127.01,1.05,0.83
332,Smurfit WestRock,SW,0.04,47.22,0.10,0.21
333,Dollar General,DG,0.04,111.98,-0.72,-0.63
334,Teledyne Technologies,TDY,0.04,520.33,5.28,1.02
335,Atmos Energy,ATO,0.04,153.29,1.30,0.86
336,Cboe Global Markets,CBOE,0.04,232.22,-0.32,-0.14
337,Texas Pacific Land Corporation,TPL,0.04,"1,052.91",6.44,0.62
338,Church & Dwight,CHD,0.04,98.24,0.20,0.21
339,ON Semiconductor,ON,0.04,57.69,0.08,0.13
340,HP Inc.,HPQ,0.04,25.62,-0.19,-0.72
341,Eversource Energy,ES,0.04,64.84,0.28,0.43
342,Jabil,JBL,0.04,221.53,-0.34,-0.15
343,CDW,CDW,0.04,180.03,-0.62,-0.34
344,CenterPoint Energy,CNP,0.04,36.03,0.23,0.63
345,Corpay,CPAY,0.04,330.81,-1.32,-0.40
346,FirstEnergy,FE,0.04,40.11,0.21,0.54
347,Cincinnati Financial,CINF,0.04,146.19,0.10,0.07
348,Steris,STE,0.04,230.79,-1.78,-0.77
349,Western Digital,WDC,0.04,64.95,0.93,1.45
350,PulteGroup,PHM,0.04,112.68,3.80,3.49
351,Expedia Group,EXPE,0.04,176.71,-0.84,-0.47
352,Amcor,AMCR,0.04,9.80,-0.03,-0.25
353,"NVR, Inc.",NVR,0.04,"7,667.01",148.64,1.98
354,T. Rowe Price,TROW,0.04,100.98,1.24,1.25
355,Regions Financial Corporation,RF,0.04,24.61,-0.05,-0.19
356,Devon Energy,DVN,0.04,34.42,-0.50,-1.42
357,Hubbell Incorporated,HUBB,0.04,413.33,0.83,0.20
358,Dollar Tree,DLTR,0.04,104.07,-0.32,-0.31
359,LabCorp,LH,0.04,258.78,1.33,0.52
360,NetApp,NTAP,0.04,106.80,0.14,0.13
361,PTC Inc.,PTC,0.04,177.98,-0.93,-0.52
362,Ulta Beauty,ULTA,0.04,474.87,-8.34,-1.73
363,Lennox International,LII,0.04,601.24,6.70,1.13
364,Williams-Sonoma,WSM,0.04,172.33,3.11,1.84
365,Dow Inc.,DOW,0.04,29.79,0.73,2.49
366,Insulet Corporation,PODD,0.04,298.13,1.62,0.55
367,CMS Energy,CMS,0.04,69.67,0.30,0.43
368,Leidos,LDOS,0.04,161.87,-0.22,-0.14
369,LyondellBasell,LYB,0.04,64.62,0.92,1.44
370,Waters Corporation,WAT,0.04,347.71,-0.07,-0.02
371,Citizens Financial Group,CFG,0.04,47.25,-0.28,-0.58
372,KeyCorp,KEY,0.04,18.41,-0.07,-0.41
373,Steel Dynamics,STLD,0.04,135.43,-0.61,-0.45
374,Invitation Homes,INVH,0.04,32.39,0.16,0.48
375,"Tapestry, Inc.",TPR,0.04,95.07,2.86,3.10
376,Global Payments,GPN,0.04,80.54,-0.12,-0.15
377,Southwest Airlines,LUV,0.03,34.43,0.45,1.34
378,Tyson Foods,TSN,0.03,54.95,-0.77,-1.37
379,International Flavors & Fragrances,IFF,0.03,76.20,0.02,0.03
380,Biogen,BIIB,0.03,132.79,-1.67,-1.24
381,Edison International,EIX,0.03,50.50,-0.24,-0.48
382,McCormick & Company,MKC,0.03,72.15,-0.75,-1.03
383,Quest Diagnostics,DGX,0.03,173.10,0.60,0.35
384,Coterra,CTRA,0.03,25.27,0.09,0.34
385,Loews Corporation,L,0.03,91.03,-0.64,-0.70
386,Weyerhaeuser,WY,0.03,26.18,0.00,0.02
387,Trimble Inc.,TRMB,0.03,79.50,0.18,0.23
388,Halliburton,HAL,0.03,22.03,-0.14,-0.61
389,Zimmer Biomet,ZBH,0.03,95.24,1.77,1.89
390,Gen Digital,GEN,0.03,30.03,0.08,0.28
391,NiSource,NI,0.03,39.38,0.38,0.96
392,Essex Property Trust,ESS,0.03,286.60,0.62,0.22
393,Packaging Corporation of America,PKG,0.03,203.98,1.20,0.59
394,Principal Financial Group,PFG,0.03,80.74,-0.74,-0.91
395,Fortive,FTV,0.03,52.98,0.18,0.34
396,Erie Indemnity,ERIE,0.03,343.85,2.94,0.86
397,First Solar,FSLR,0.03,165.62,0.14,0.08
398,Ralph Lauren Corporation,RL,0.03,290.97,6.05,2.12
399,Mid-America Apartment Communities,MAA,0.03,150.30,0.04,0.03
400,Pentair,PNR,0.03,106.84,1.06,1.00
401,"F5, Inc.",FFIV,0.03,302.01,-0.41,-0.13
402,Genuine Parts Company,GPC,0.03,124.89,-1.79,-1.41
403,Hormel Foods,HRL,0.03,31.16,0.05,0.18
404,FactSet,FDS,0.03,445.89,1.32,0.30
405,Snap-on,SNA,0.03,317.41,0.33,0.11
406,Centene Corporation,CNC,0.03,33.04,0.44,1.34
407,Zebra Technologies,ZBRA,0.03,321.28,-1.78,-0.55
408,Jacobs Solutions,J,0.03,134.11,1.12,0.84
409,West Pharmaceutical Services,WST,0.03,223.85,3.37,1.53
410,Expeditors International,EXPD,0.03,117.39,0.07,0.06
411,Ball Corporation,BALL,0.03,57.89,-0.87,-1.49
412,CF Industries,CF,0.03,98.67,1.55,1.59
413,Evergy,EVRG,0.03,68.86,0.18,0.27
414,Alliant Energy,LNT,0.03,61.65,0.39,0.64
415,Domino's,DPZ,0.03,462.19,2.76,0.60
416,Deckers Brands,DECK,0.03,105.18,-0.11,-0.10
417,Clorox,CLX,0.03,125.51,-0.45,-0.36
418,Aptiv,APTV,0.03,70.81,-0.65,-0.91
419,Baxter International,BAX,0.03,29.80,-0.86,-2.80
420,Best Buy,BBY,0.03,72.04,-0.20,-0.28
421,J.B. Hunt,JBHT,0.03,153.15,0.09,0.06
422,Bunge Global,BG,0.03,75.52,-0.28,-0.37
423,Cooper Companies The,COO,0.03,74.97,0.71,0.96
424,Textron,TXT,0.03,82.36,0.24,0.29
425,Teradyne,TER,0.03,92.61,0.39,0.42
426,Hologic,HOLX,0.03,65.51,0.60,0.93
427,Builders FirstSource,BLDR,0.03,131.94,4.70,3.69
428,Everest Group,EG,0.03,340.01,-1.41,-0.41
429,Align Technology,ALGN,0.03,198.32,2.85,1.46
430,Avery Dennison,AVY,0.03,183.36,1.11,0.61
431,Kimco Realty,KIM,0.03,21.13,0.05,0.26
432,Omnicom Group,OMC,0.03,72.97,-1.69,-2.26
433,Masco,MAS,0.03,66.73,1.17,1.79
434,TKO Group Holdings,TKO,0.02,171.03,-1.94,-1.12
435,IDEX Corporation,IEX,0.02,183.04,0.57,0.31
436,"UDR, Inc.",UDR,0.02,40.97,0.01,0.03
437,Alexandria Real Estate Equities,ARE,0.02,76.98,-0.04,-0.06
438,Incyte,INCY,0.02,68.75,1.08,1.59
439,Brown–Forman,BF.B,0.02,28.12,-0.35,-1.24
440,Paycom,PAYC,0.02,233.40,-0.57,-0.24
441,Jack Henry & Associates,JKHY,0.02,179.31,-1.01,-0.56
442,Franklin Resources,BEN,0.02,24.79,0.29,1.16
443,Allegion,ALLE,0.02,149.91,1.37,0.92
444,Solventum,SOLV,0.02,74.18,-0.91,-1.21
445,Molina Healthcare,MOH,0.02,236.35,5.32,2.30
446,Healthpeak Properties,DOC,0.02,18.26,0.04,0.25
447,Moderna,MRNA,0.02,32.50,-0.04,-0.13
448,Nordson Corporation,NDSN,0.02,222.02,0.52,0.23
449,Regency Centers,REG,0.02,69.03,-0.53,-0.76
450,Fox Corporation Class A,FOXA,0.02,55.05,-0.04,-0.07
451,Camden Property Trust,CPT,0.02,113.27,-0.05,-0.04
452,Mosaic Company The,MOS,0.02,37.22,-0.09,-0.24
453,C.H. Robinson,CHRW,0.02,99.26,0.93,0.95
454,Revvity,RVTY,0.02,99.66,-1.00,-1.00
455,Universal Health Services,UHS,0.02,182.27,0.02,0.01
456,Skyworks Solutions,SWKS,0.02,77.68,-0.27,-0.34
457,Pool Corporation,POOL,0.02,307.32,4.68,1.54
458,Wynn Resorts,WYNN,0.02,109.54,-0.92,-0.83
459,Akamai Technologies,AKAM,0.02,80.41,-0.23,-0.29
460,Fox Corporation Class B,FOX,0.02,50.64,0.11,0.21
461,Stanley Black & Decker,SWK,0.02,72.54,0.85,1.19
462,Host Hotels & Resorts,HST,0.02,16.15,-0.04,-0.22
463,J.M. Smucker Company The,SJM,0.02,104.09,0.61,0.59
464,"BXP, Inc.",BXP,0.02,69.32,1.02,1.49
465,Viatris,VTRS,0.02,9.22,-0.04,-0.49
466,Pinnacle West,PNW,0.02,89.88,0.26,0.29
467,Hasbro,HAS,0.02,76.31,-0.20,-0.27
468,DaVita,DVA,0.02,140.57,-3.23,-2.24
469,EPAM Systems,EPAM,0.02,181.54,-1.77,-0.97
470,MGM Resorts,MGM,0.02,37.66,0.13,0.36
471,CarMax,KMX,0.02,67.15,-1.23,-1.81
472,Walgreens Boots Alliance,WBA,0.02,11.55,0.03,0.22
473,LKQ Corporation,LKQ,0.02,38.68,0.07,0.19
474,Molson Coors Beverage Company,TAP,0.02,49.30,-0.08,-0.16
475,A. O. Smith,AOS,0.02,69.33,0.87,1.26
476,Norwegian Cruise Line Holdings,NCLH,0.02,21.90,0.25,1.18
477,Huntington Ingalls Industries,HII,0.02,248.39,0.44,0.18
478,Globe Life,GL,0.02,117.90,-3.19,-2.63
479,Conagra Brands,CAG,0.02,20.39,-0.26,-1.28
480,Assurant,AIZ,0.02,189.95,-0.31,-0.16
481,News Corp Class B,NWS,0.02,34.07,0.05,0.15
482,AES Corporation,AES,0.02,13.22,2.15,19.46
483,Dayforce,DAY,0.02,58.86,0.76,1.31
484,Eastman Chemical Company,EMN,0.02,80.24,-0.19,-0.24
485,Henry Schein,HSIC,0.02,73.85,-0.10,-0.14
486,Interpublic Group of Companies The,IPG,0.02,24.85,-0.52,-2.03
487,Campbell Soup Company,CPB,0.02,30.53,-0.51,-1.63
488,Generac,GNRC,0.02,150.98,1.78,1.19
489,Paramount Global,PARA,0.02,12.68,0.04,0.36
490,News Corp Class A,NWSA,0.01,29.38,-0.09,-0.32
491,Albemarle Corporation,ALB,0.01,70.27,0.05,0.07
492,Bio-Techne,TECH,0.01,52.35,-0.33,-0.63
493,Federal Realty Investment Trust,FRT,0.01,94.86,0.74,0.79
494,MarketAxess,MKTX,0.01,218.01,1.19,0.55
495,Match Group,MTCH,0.01,32.79,0.34,1.06
496,Charles River Laboratories,CRL,0.01,157.94,-0.45,-0.29
497,Invesco,IVZ,0.01,16.92,0.22,1.35
498,APA Corporation,APA,0.01,20.43,-0.07,-0.37
499,Lamb Weston,LW,0.01,51.25,-1.10,-2.09
500,Mohawk Industries,MHK,0.01,111.16,1.95,1.78
501,Caesars Entertainment,CZR,0.01,29.56,-0.41,-1.37
502,Enphase Energy,ENPH,0.01,42.85,1.91,4.68
503,Juniper Networks,JNPR,0.00,0.00,0.00,0.00
